{"cameraMode":{"drawMode":0,"name":"Shaded","section":"Shading Mode"},"sceneLighting":true,"audioPlay":false,"sceneViewState":{"showFog":false,"showMaterialUpdate":false,"showSkybox":false,"showFlares":false,"showImageEffects":false,"showParticleSystems":false},"in2DMode":false,"pivot":{"x":4.180033206939697,"y":-1.6183834075927735,"z":2.7375173568725588},"rotation":{"x":-0.12586797773838044,"y":0.8380491733551025,"z":-0.4840826392173767,"w":-0.21790501475334168},"size":20.627395629882814,"orthographic":false}