{"cameraMode":{"drawMode":0,"name":"Shaded","section":"Shading Mode"},"sceneLighting":true,"audioPlay":false,"sceneViewState":{"showFog":true,"showMaterialUpdate":true,"showSkybox":true,"showFlares":true,"showImageEffects":true,"showParticleSystems":true},"in2DMode":false,"pivot":{"x":2.4432456493377687,"y":1.226499319076538,"z":17.298717498779298},"rotation":{"x":0.020608151331543924,"y":0.04502115398645401,"z":-0.0006965211941860616,"w":0.9987659454345703},"size":22.0,"orthographic":false}