{"cameraMode":{"drawMode":0,"name":"Shaded","section":"Shading Mode"},"sceneLighting":true,"audioPlay":false,"sceneViewState":{"showFog":true,"showMaterialUpdate":true,"showSkybox":true,"showFlares":true,"showImageEffects":true,"showParticleSystems":true},"in2DMode":false,"pivot":{"x":0.7628692388534546,"y":-1.347886562347412,"z":-15.32668685913086},"rotation":{"x":-0.0015483791939914227,"y":-0.9952948689460754,"z":0.09696366637945175,"w":-0.011873417533934117},"size":3.5781943798065187,"orthographic":false}