{"cameraMode":{"drawMode":0,"name":"Shaded","section":"Shading Mode"},"sceneLighting":true,"audioPlay":false,"sceneViewState":{"showFog":true,"showMaterialUpdate":true,"showSkybox":true,"showFlares":true,"showImageEffects":true,"showParticleSystems":true},"in2DMode":false,"pivot":{"x":-12.602397918701172,"y":-8.620776176452637,"z":7.4445271492004398},"rotation":{"x":0.25345712900161745,"y":-0.42990580201148989,"z":0.12738710641860963,"w":0.857144296169281},"size":22.221773147583009,"orthographic":false}