{"cameraMode":{"drawMode":0,"name":"Shaded","section":"Shading Mode"},"sceneLighting":true,"audioPlay":false,"sceneViewState":{"showFog":true,"showMaterialUpdate":true,"showSkybox":true,"showFlares":true,"showImageEffects":true,"showParticleSystems":true},"in2DMode":false,"pivot":{"x":0.5535805225372315,"y":-4.591094017028809,"z":-22.78460693359375},"rotation":{"x":-0.004159172531217337,"y":0.9861360192298889,"z":-0.1638251543045044,"w":-0.026175864040851594},"size":11.704229354858399,"orthographic":false}