{"cameraMode":{"drawMode":0,"name":"Shaded","section":"Shading Mode"},"sceneLighting":true,"audioPlay":false,"sceneViewState":{"showFog":true,"showMaterialUpdate":true,"showSkybox":true,"showFlares":true,"showImageEffects":true,"showParticleSystems":true},"in2DMode":false,"pivot":{"x":1.6124494075775147,"y":-3.770217180252075,"z":20.034543991088868},"rotation":{"x":0.11928687989711762,"y":0.029847335070371629,"z":-0.0033668328542262317,"w":0.9923946261405945},"size":22.599998474121095,"orthographic":false}