{"cameraMode":{"drawMode":0,"name":"Shaded","section":"Shading Mode"},"sceneLighting":false,"audioPlay":false,"sceneViewState":{"showFog":true,"showMaterialUpdate":true,"showSkybox":false,"showFlares":true,"showImageEffects":true,"showParticleSystems":true},"in2DMode":false,"pivot":{"x":1.8526732921600342,"y":1.6541013717651368,"z":5.050405502319336},"rotation":{"x":-0.23329736292362214,"y":-0.6742660403251648,"z":0.238456130027771,"w":-0.6588426828384399},"size":7.477457523345947,"orthographic":false}