{"cameraMode":{"drawMode":0,"name":"Shaded","section":"Shading Mode"},"sceneLighting":true,"audioPlay":false,"sceneViewState":{"showFog":true,"showMaterialUpdate":true,"showSkybox":true,"showFlares":true,"showImageEffects":true,"showParticleSystems":true},"in2DMode":false,"pivot":{"x":-0.3634670376777649,"y":2.104921817779541,"z":3.3024871349334719},"rotation":{"x":-0.003983036149293184,"y":0.9906383752822876,"z":-0.13266490399837495,"w":-0.03130466118454933},"size":2.056702136993408,"orthographic":false}