{"cameraMode":{"drawMode":0,"name":"Shaded","section":"Shading Mode"},"sceneLighting":false,"audioPlay":false,"sceneViewState":{"showFog":true,"showMaterialUpdate":true,"showSkybox":false,"showFlares":true,"showImageEffects":true,"showParticleSystems":true},"in2DMode":false,"pivot":{"x":5.960464477539063e-8,"y":0.9756729602813721,"z":0.013738393783569336},"rotation":{"x":-0.004043675027787685,"y":-0.995063841342926,"z":0.08940842747688294,"w":-0.042640626430511478},"size":4.4473419189453129,"orthographic":false}