{"cameraMode":{"drawMode":0,"name":"Shaded","section":"Shading Mode"},"sceneLighting":true,"audioPlay":false,"sceneViewState":{"showFog":true,"showMaterialUpdate":true,"showSkybox":true,"showFlares":true,"showImageEffects":true,"showParticleSystems":true},"in2DMode":false,"pivot":{"x":0.6833397150039673,"y":-0.4199430048465729,"z":-15.385490417480469},"rotation":{"x":0.00003219472637283616,"y":-0.999540388584137,"z":0.016126148402690889,"w":0.02853701263666153},"size":5.20106840133667,"orthographic":false}