{"cameraMode":{"drawMode":0,"name":"Shaded","section":"Shading Mode"},"sceneLighting":true,"audioPlay":false,"sceneViewState":{"showFog":true,"showMaterialUpdate":true,"showSkybox":true,"showFlares":true,"showImageEffects":true,"showParticleSystems":true},"in2DMode":false,"pivot":{"x":-2.7260539531707765,"y":-4.297367572784424,"z":-34.38282775878906},"rotation":{"x":0.006167224142700434,"y":-0.9936258792877197,"z":0.07879970222711563,"w":0.08076440542936325},"size":23.731718063354493,"orthographic":false}