{"cameraMode":{"drawMode":0,"name":"Shaded","section":"Shading Mode"},"sceneLighting":false,"audioPlay":false,"sceneViewState":{"showFog":true,"showMaterialUpdate":true,"showSkybox":false,"showFlares":true,"showImageEffects":true,"showParticleSystems":true},"in2DMode":false,"pivot":{"x":0.17500001192092896,"y":-0.028098106384277345,"z":-0.05924779921770096},"rotation":{"x":-0.06432273238897324,"y":0.11740128695964813,"z":-0.0075700837187469009,"w":-0.9909930229187012},"size":0.24124126136302949,"orthographic":false}