{"cameraMode":{"drawMode":0,"name":"Shaded","section":"Shading Mode"},"sceneLighting":true,"audioPlay":false,"sceneViewState":{"showFog":true,"showMaterialUpdate":true,"showSkybox":true,"showFlares":true,"showImageEffects":true,"showParticleSystems":true},"in2DMode":false,"pivot":{"x":0.6770766377449036,"y":-4.767638683319092,"z":-33.68150329589844},"rotation":{"x":-0.0006013457314111292,"y":-0.995781660079956,"z":0.09249284118413925,"w":-0.002914005657657981},"size":22.0,"orthographic":false}