{"cameraMode":{"drawMode":0,"name":"Shaded","section":"Shading Mode"},"sceneLighting":false,"audioPlay":false,"sceneViewState":{"showFog":true,"showMaterialUpdate":true,"showSkybox":false,"showFlares":true,"showImageEffects":true,"showParticleSystems":true},"in2DMode":false,"pivot":{"x":0.02499997615814209,"y":1.0609030723571778,"z":1.304246187210083},"rotation":{"x":-0.07178346067667008,"y":0.7116481065750122,"z":-0.07377808541059494,"w":-0.6949489116668701},"size":15.695725440979004,"orthographic":false}