{"cameraMode":{"drawMode":0,"name":"Shaded","section":"Shading Mode"},"sceneLighting":false,"audioPlay":false,"sceneViewState":{"showFog":true,"showMaterialUpdate":true,"showSkybox":false,"showFlares":true,"showImageEffects":true,"showParticleSystems":true},"in2DMode":false,"pivot":{"x":0.517425537109375,"y":3.2461700439453127,"z":-0.8544999361038208},"rotation":{"x":0.3666762411594391,"y":0.07770093530416489,"z":-0.030788924545049669,"w":0.926615834236145},"size":11.208635330200196,"orthographic":false}