{"cameraMode":{"drawMode":0,"name":"Shaded","section":"Shading Mode"},"sceneLighting":false,"audioPlay":false,"sceneViewState":{"showFog":true,"showMaterialUpdate":true,"showSkybox":false,"showFlares":true,"showImageEffects":true,"showParticleSystems":true},"in2DMode":false,"pivot":{"x":-1.191787838935852,"y":0.9756729602813721,"z":0.8650108575820923},"rotation":{"x":0.003310302970930934,"y":-0.9881011843681336,"z":0.15199129283428193,"w":0.02291588857769966},"size":3.847341775894165,"orthographic":false}